Männervorname,URI
Heinrich,https://github.com/stazh/sw-ehedaten/tree/main/data#FirstNameMan_Heinrich
Oswald,https://github.com/stazh/sw-ehedaten/tree/main/data#FirstNameMan_Oswald
Jeremias,https://github.com/stazh/sw-ehedaten/tree/main/data#FirstNameMan_Jeremias
Wolfgang,https://github.com/stazh/sw-ehedaten/tree/main/data#FirstNameMan_Wolfgang
Marx,https://github.com/stazh/sw-ehedaten/tree/main/data#FirstNameMan_Marx
Hans Ulrich,https://github.com/stazh/sw-ehedaten/tree/main/data#FirstNameMan_Hans_Ulrich
Schwideri,https://github.com/stazh/sw-ehedaten/tree/main/data#FirstNameMan_Schwideri
Hans,https://github.com/stazh/sw-ehedaten/tree/main/data#FirstNameMan_Hans
Martin,https://github.com/stazh/sw-ehedaten/tree/main/data#FirstNameMan_Martin
Jakob,https://github.com/stazh/sw-ehedaten/tree/main/data#FirstNameMan_Jakob
Gebhard,https://github.com/stazh/sw-ehedaten/tree/main/data#FirstNameMan_Gebhard
Georg,https://github.com/stazh/sw-ehedaten/tree/main/data#FirstNameMan_Georg
Rudolf,https://github.com/stazh/sw-ehedaten/tree/main/data#FirstNameMan_Rudolf
Abraham,https://github.com/stazh/sw-ehedaten/tree/main/data#FirstNameMan_Abraham
Arbogast,https://github.com/stazh/sw-ehedaten/tree/main/data#FirstNameMan_Arbogast
Niklaus,https://github.com/stazh/sw-ehedaten/tree/main/data#FirstNameMan_Niklaus
Peter,https://github.com/stazh/sw-ehedaten/tree/main/data#FirstNameMan_Peter
Lorenz,https://github.com/stazh/sw-ehedaten/tree/main/data#FirstNameMan_Lorenz
Jos,https://github.com/stazh/sw-ehedaten/tree/main/data#FirstNameMan_Jos
Antoni,https://github.com/stazh/sw-ehedaten/tree/main/data#FirstNameMan_Antoni
Andreas,https://github.com/stazh/sw-ehedaten/tree/main/data#FirstNameMan_Andreas
Ludwig,https://github.com/stazh/sw-ehedaten/tree/main/data#FirstNameMan_Ludwig
Ulrich,https://github.com/stazh/sw-ehedaten/tree/main/data#FirstNameMan_Ulrich
Apollinaris,https://github.com/stazh/sw-ehedaten/tree/main/data#FirstNameMan_Apollinaris
Hans Heinrich,https://github.com/stazh/sw-ehedaten/tree/main/data#FirstNameMan_Hans_Heinrich
Gregor,https://github.com/stazh/sw-ehedaten/tree/main/data#FirstNameMan_Gregor
Kilian,https://github.com/stazh/sw-ehedaten/tree/main/data#FirstNameMan_Kilian
Sebastian,https://github.com/stazh/sw-ehedaten/tree/main/data#FirstNameMan_Sebastian
Thomas,https://github.com/stazh/sw-ehedaten/tree/main/data#FirstNameMan_Thomas
Albrecht,https://github.com/stazh/sw-ehedaten/tree/main/data#FirstNameMan_Albrecht
Alban,https://github.com/stazh/sw-ehedaten/tree/main/data#FirstNameMan_Alban
Christian,https://github.com/stazh/sw-ehedaten/tree/main/data#FirstNameMan_Christian
Matthias,https://github.com/stazh/sw-ehedaten/tree/main/data#FirstNameMan_Matthias
Kaspar,https://github.com/stazh/sw-ehedaten/tree/main/data#FirstNameMan_Kaspar
Hans Othmar,https://github.com/stazh/sw-ehedaten/tree/main/data#FirstNameMan_Hans_Othmar
Hans Balthasar,https://github.com/stazh/sw-ehedaten/tree/main/data#FirstNameMan_Hans_Balthasar
Bernhard,https://github.com/stazh/sw-ehedaten/tree/main/data#FirstNameMan_Bernhard
Pankraz,https://github.com/stazh/sw-ehedaten/tree/main/data#FirstNameMan_Pankraz
Benedikt,https://github.com/stazh/sw-ehedaten/tree/main/data#FirstNameMan_Benedikt
Adam,https://github.com/stazh/sw-ehedaten/tree/main/data#FirstNameMan_Adam
Hans Rudolf,https://github.com/stazh/sw-ehedaten/tree/main/data#FirstNameMan_Hans_Rudolf
Hans Jakob,https://github.com/stazh/sw-ehedaten/tree/main/data#FirstNameMan_Hans_Jakob
Erasmus,https://github.com/stazh/sw-ehedaten/tree/main/data#FirstNameMan_Erasmus
Hans Sebastian,https://github.com/stazh/sw-ehedaten/tree/main/data#FirstNameMan_Hans_Sebastian
David,https://github.com/stazh/sw-ehedaten/tree/main/data#FirstNameMan_David
Christoph,https://github.com/stazh/sw-ehedaten/tree/main/data#FirstNameMan_Christoph
Hans Andreas,https://github.com/stazh/sw-ehedaten/tree/main/data#FirstNameMan_Hans_Andreas
Konrad,https://github.com/stazh/sw-ehedaten/tree/main/data#FirstNameMan_Konrad
Friedrich,https://github.com/stazh/sw-ehedaten/tree/main/data#FirstNameMan_Friedrich
Bartholomäus,https://github.com/stazh/sw-ehedaten/tree/main/data#FirstNameMan_Bartholomaeus
Diethelm,https://github.com/stazh/sw-ehedaten/tree/main/data#FirstNameMan_Diethelm
Joachim,https://github.com/stazh/sw-ehedaten/tree/main/data#FirstNameMan_Joachim
Balthasar,https://github.com/stazh/sw-ehedaten/tree/main/data#FirstNameMan_Balthasar
Werner,https://github.com/stazh/sw-ehedaten/tree/main/data#FirstNameMan_Werner
Josua,https://github.com/stazh/sw-ehedaten/tree/main/data#FirstNameMan_Josua
Israel,https://github.com/stazh/sw-ehedaten/tree/main/data#FirstNameMan_Israel
Zacharias,https://github.com/stazh/sw-ehedaten/tree/main/data#FirstNameMan_Zacharias
Clemens,https://github.com/stazh/sw-ehedaten/tree/main/data#FirstNameMan_Clemens
Claudius,https://github.com/stazh/sw-ehedaten/tree/main/data#FirstNameMan_Claudius
Hans Georg,https://github.com/stazh/sw-ehedaten/tree/main/data#FirstNameMan_Hans_Georg
Samuel,https://github.com/stazh/sw-ehedaten/tree/main/data#FirstNameMan_Samuel
Tobias,https://github.com/stazh/sw-ehedaten/tree/main/data#FirstNameMan_Tobias
Hans Konrad,https://github.com/stazh/sw-ehedaten/tree/main/data#FirstNameMan_Hans_Konrad
Felix,https://github.com/stazh/sw-ehedaten/tree/main/data#FirstNameMan_Felix
Isaak,https://github.com/stazh/sw-ehedaten/tree/main/data#FirstNameMan_Isaak
Hans Kaspar,https://github.com/stazh/sw-ehedaten/tree/main/data#FirstNameMan_Hans_Kaspar
Hans Peter,https://github.com/stazh/sw-ehedaten/tree/main/data#FirstNameMan_Hans_Peter
Crispin,https://github.com/stazh/sw-ehedaten/tree/main/data#FirstNameMan_Crispin
Michael,https://github.com/stazh/sw-ehedaten/tree/main/data#FirstNameMan_Michael
Hans Wolfgang,https://github.com/stazh/sw-ehedaten/tree/main/data#FirstNameMan_Hans_Wolfgang
Hieronymus,https://github.com/stazh/sw-ehedaten/tree/main/data#FirstNameMan_Hieronymus
Suiderus,https://github.com/stazh/sw-ehedaten/tree/main/data#FirstNameMan_Suiderus
Hans Friedrich,https://github.com/stazh/sw-ehedaten/tree/main/data#FirstNameMan_Hans_Friedrich
Wilhelm,https://github.com/stazh/sw-ehedaten/tree/main/data#FirstNameMan_Wilhelm
Philipp,https://github.com/stazh/sw-ehedaten/tree/main/data#FirstNameMan_Philipp
Jonas,https://github.com/stazh/sw-ehedaten/tree/main/data#FirstNameMan_Jonas
Fridli,https://github.com/stazh/sw-ehedaten/tree/main/data#FirstNameMan_Fridli
Helias,https://github.com/stazh/sw-ehedaten/tree/main/data#FirstNameMan_Helias
Daniel,https://github.com/stazh/sw-ehedaten/tree/main/data#FirstNameMan_Daniel
Hans Ludwig,https://github.com/stazh/sw-ehedaten/tree/main/data#FirstNameMan_Hans_Ludwig
Hans Antoni,https://github.com/stazh/sw-ehedaten/tree/main/data#FirstNameMan_Hans_Antoni
Johannes,https://github.com/stazh/sw-ehedaten/tree/main/data#FirstNameMan_Johannes
Jonathan,https://github.com/stazh/sw-ehedaten/tree/main/data#FirstNameMan_Jonathan
Hans Bernhard,https://github.com/stazh/sw-ehedaten/tree/main/data#FirstNameMan_Hans_Bernhard
Gabriel,https://github.com/stazh/sw-ehedaten/tree/main/data#FirstNameMan_Gabriel
Hans Felix,https://github.com/stazh/sw-ehedaten/tree/main/data#FirstNameMan_Hans_Felix
Hans Jos,https://github.com/stazh/sw-ehedaten/tree/main/data#FirstNameMan_Hans_Jos
Matthäus,https://github.com/stazh/sw-ehedaten/tree/main/data#FirstNameMan_Matthaeus
Simon,https://github.com/stazh/sw-ehedaten/tree/main/data#FirstNameMan_Simon
Melchior,https://github.com/stazh/sw-ehedaten/tree/main/data#FirstNameMan_Melchior
Cornelius,https://github.com/stazh/sw-ehedaten/tree/main/data#FirstNameMan_Cornelius
Othmar,https://github.com/stazh/sw-ehedaten/tree/main/data#FirstNameMan_Othmar
Salomon,https://github.com/stazh/sw-ehedaten/tree/main/data#FirstNameMan_Salomon
Elias,https://github.com/stazh/sw-ehedaten/tree/main/data#FirstNameMan_Elias
Wendel,https://github.com/stazh/sw-ehedaten/tree/main/data#FirstNameMan_Wendel
Josias,https://github.com/stazh/sw-ehedaten/tree/main/data#FirstNameMan_Josias
Erhard,https://github.com/stazh/sw-ehedaten/tree/main/data#FirstNameMan_Erhard
Alexander,https://github.com/stazh/sw-ehedaten/tree/main/data#FirstNameMan_Alexander
Gallus,https://github.com/stazh/sw-ehedaten/tree/main/data#FirstNameMan_Gallus
Hans Siegfried,https://github.com/stazh/sw-ehedaten/tree/main/data#FirstNameMan_Hans_Siegfried
Hans Leonhard,https://github.com/stazh/sw-ehedaten/tree/main/data#FirstNameMan_Hans_Leonhard
Emanuel,https://github.com/stazh/sw-ehedaten/tree/main/data#FirstNameMan_Emanuel
Hans Adam,https://github.com/stazh/sw-ehedaten/tree/main/data#FirstNameMan_Hans_Adam
Junghans,https://github.com/stazh/sw-ehedaten/tree/main/data#FirstNameMan_Junghans
Franz,https://github.com/stazh/sw-ehedaten/tree/main/data#FirstNameMan_Franz
Hermann,https://github.com/stazh/sw-ehedaten/tree/main/data#FirstNameMan_Hermann
Adrian,https://github.com/stazh/sw-ehedaten/tree/main/data#FirstNameMan_Adrian
Kleinhans,https://github.com/stazh/sw-ehedaten/tree/main/data#FirstNameMan_Kleinhans
Kleinulrich,https://github.com/stazh/sw-ehedaten/tree/main/data#FirstNameMan_Kleinulrich
Valentin,https://github.com/stazh/sw-ehedaten/tree/main/data#FirstNameMan_Valentin
Fridolin,https://github.com/stazh/sw-ehedaten/tree/main/data#FirstNameMan_Fridolin
Welti,https://github.com/stazh/sw-ehedaten/tree/main/data#FirstNameMan_Welti
Lienhard,https://github.com/stazh/sw-ehedaten/tree/main/data#FirstNameMan_Lienhard
Leonhard,https://github.com/stazh/sw-ehedaten/tree/main/data#FirstNameMan_Leonhard
Johann Jakob,https://github.com/stazh/sw-ehedaten/tree/main/data#FirstNameMan_Johann_Jakob
Kleinjakob,https://github.com/stazh/sw-ehedaten/tree/main/data#FirstNameMan_Kleinjakob
Johann Rudolf,https://github.com/stazh/sw-ehedaten/tree/main/data#FirstNameMan_Johann_Rudolf
Meinrad,https://github.com/stazh/sw-ehedaten/tree/main/data#FirstNameMan_Meinrad
Johann Christian,https://github.com/stazh/sw-ehedaten/tree/main/data#FirstNameMan_Johann_Christian
Luca,https://github.com/stazh/sw-ehedaten/tree/main/data#FirstNameMan_Luca
Stefan,https://github.com/stazh/sw-ehedaten/tree/main/data#FirstNameMan_Stefan
Gerold,https://github.com/stazh/sw-ehedaten/tree/main/data#FirstNameMan_Gerold
Hartmann,https://github.com/stazh/sw-ehedaten/tree/main/data#FirstNameMan_Hartmann
Beat,https://github.com/stazh/sw-ehedaten/tree/main/data#FirstNameMan_Beat
Fabian,https://github.com/stazh/sw-ehedaten/tree/main/data#FirstNameMan_Fabian
Johann Peter,https://github.com/stazh/sw-ehedaten/tree/main/data#FirstNameMan_Johann_Peter
Josef,https://github.com/stazh/sw-ehedaten/tree/main/data#FirstNameMan_Josef
Johann Heinrich,https://github.com/stazh/sw-ehedaten/tree/main/data#FirstNameMan_Johann_Heinrich
Johann Antoni,https://github.com/stazh/sw-ehedaten/tree/main/data#FirstNameMan_Johann_Antoni
Johann Konrad,https://github.com/stazh/sw-ehedaten/tree/main/data#FirstNameMan_Johann_Konrad
Wilpert,https://github.com/stazh/sw-ehedaten/tree/main/data#FirstNameMan_Wilpert
Johann Ulrich,https://github.com/stazh/sw-ehedaten/tree/main/data#FirstNameMan_Johann_Ulrich
Joder,https://github.com/stazh/sw-ehedaten/tree/main/data#FirstNameMan_Joder
Dietrich,https://github.com/stazh/sw-ehedaten/tree/main/data#FirstNameMan_Dietrich
Lazarus,https://github.com/stazh/sw-ehedaten/tree/main/data#FirstNameMan_Lazarus
Burkhard,https://github.com/stazh/sw-ehedaten/tree/main/data#FirstNameMan_Burkhard
Gilg,https://github.com/stazh/sw-ehedaten/tree/main/data#FirstNameMan_Gilg
Hans Melchior,https://github.com/stazh/sw-ehedaten/tree/main/data#FirstNameMan_Hans_Melchior
Grosshans,https://github.com/stazh/sw-ehedaten/tree/main/data#FirstNameMan_Grosshans
Toni,https://github.com/stazh/sw-ehedaten/tree/main/data#FirstNameMan_Toni
Vitali,https://github.com/stazh/sw-ehedaten/tree/main/data#FirstNameMan_Vitali
Thöni,https://github.com/stazh/sw-ehedaten/tree/main/data#FirstNameMan_Thoeni
Gorius,https://github.com/stazh/sw-ehedaten/tree/main/data#FirstNameMan_Gorius
Michel,https://github.com/stazh/sw-ehedaten/tree/main/data#FirstNameMan_Michel
Hans Martin,https://github.com/stazh/sw-ehedaten/tree/main/data#FirstNameMan_Hans_Martin
Theodor,https://github.com/stazh/sw-ehedaten/tree/main/data#FirstNameMan_Theodor
Urs,https://github.com/stazh/sw-ehedaten/tree/main/data#FirstNameMan_Urs
Aegidius,https://github.com/stazh/sw-ehedaten/tree/main/data#FirstNameMan_Aegidius
Jodokus,https://github.com/stazh/sw-ehedaten/tree/main/data#FirstNameMan_Jodokus
Sixt,https://github.com/stazh/sw-ehedaten/tree/main/data#FirstNameMan_Sixt
Dionysius,https://github.com/stazh/sw-ehedaten/tree/main/data#FirstNameMan_Dionysius
Sigmund,https://github.com/stazh/sw-ehedaten/tree/main/data#FirstNameMan_Sigmund
Augustin,https://github.com/stazh/sw-ehedaten/tree/main/data#FirstNameMan_Augustin
Hans Wilhelm,https://github.com/stazh/sw-ehedaten/tree/main/data#FirstNameMan_Hans_Wilhelm
Hans Joachim,https://github.com/stazh/sw-ehedaten/tree/main/data#FirstNameMan_Hans_Joachim
Jakob Christoph,https://github.com/stazh/sw-ehedaten/tree/main/data#FirstNameMan_Jakob_Christoph
Hans Dietrich,https://github.com/stazh/sw-ehedaten/tree/main/data#FirstNameMan_Hans_Dietrich
Constans,https://github.com/stazh/sw-ehedaten/tree/main/data#FirstNameMan_Constans
Diebold,https://github.com/stazh/sw-ehedaten/tree/main/data#FirstNameMan_Diebold
Klewi,https://github.com/stazh/sw-ehedaten/tree/main/data#FirstNameMan_Klewi
Richard,https://github.com/stazh/sw-ehedaten/tree/main/data#FirstNameMan_Richard
Apollonius,https://github.com/stazh/sw-ehedaten/tree/main/data#FirstNameMan_Apollonius
Kleinheinrich,https://github.com/stazh/sw-ehedaten/tree/main/data#FirstNameMan_Kleinheinrich
Walter,https://github.com/stazh/sw-ehedaten/tree/main/data#FirstNameMan_Walter
Hans Beat,https://github.com/stazh/sw-ehedaten/tree/main/data#FirstNameMan_Hans_Beat
N.,https://github.com/stazh/sw-ehedaten/tree/main/data#FirstNameMan_N
Reuchli,https://github.com/stazh/sw-ehedaten/tree/main/data#FirstNameMan_Reuchli
Ostimus,https://github.com/stazh/sw-ehedaten/tree/main/data#FirstNameMan_Ostimus
Hanselmann,https://github.com/stazh/sw-ehedaten/tree/main/data#FirstNameMan_Hanselmann
Lamprecht,https://github.com/stazh/sw-ehedaten/tree/main/data#FirstNameMan_Lamprecht
Lux,https://github.com/stazh/sw-ehedaten/tree/main/data#FirstNameMan_Lux
Hani,https://github.com/stazh/sw-ehedaten/tree/main/data#FirstNameMan_Hani
Hans Jonas,https://github.com/stazh/sw-ehedaten/tree/main/data#FirstNameMan_Hans_Jonas
Bonifaz,https://github.com/stazh/sw-ehedaten/tree/main/data#FirstNameMan_Bonifaz
Bläsi,https://github.com/stazh/sw-ehedaten/tree/main/data#FirstNameMan_Blaesi
Samson,https://github.com/stazh/sw-ehedaten/tree/main/data#FirstNameMan_Samson
Jost,https://github.com/stazh/sw-ehedaten/tree/main/data#FirstNameMan_Jost
Simeon,https://github.com/stazh/sw-ehedaten/tree/main/data#FirstNameMan_Simeon
Moritz,https://github.com/stazh/sw-ehedaten/tree/main/data#FirstNameMan_Moritz
Kleinfelix,https://github.com/stazh/sw-ehedaten/tree/main/data#FirstNameMan_Kleinfelix
Achior,https://github.com/stazh/sw-ehedaten/tree/main/data#FirstNameMan_Achior
Markus,https://github.com/stazh/sw-ehedaten/tree/main/data#FirstNameMan_Markus
Ambrosius,https://github.com/stazh/sw-ehedaten/tree/main/data#FirstNameMan_Ambrosius
Hansenbub,https://github.com/stazh/sw-ehedaten/tree/main/data#FirstNameMan_Hansenbub
Hans Fridli,https://github.com/stazh/sw-ehedaten/tree/main/data#FirstNameMan_Hans_Fridli
Vit,https://github.com/stazh/sw-ehedaten/tree/main/data#FirstNameMan_Vit
Damast,https://github.com/stazh/sw-ehedaten/tree/main/data#FirstNameMan_Damast
Hans Hartmann,https://github.com/stazh/sw-ehedaten/tree/main/data#FirstNameMan_Hans_Hartmann
Hans Theobald,https://github.com/stazh/sw-ehedaten/tree/main/data#FirstNameMan_Hans_Theobald
Kleinmann,https://github.com/stazh/sw-ehedaten/tree/main/data#FirstNameMan_Kleinmann
Heinimann,https://github.com/stazh/sw-ehedaten/tree/main/data#FirstNameMan_Heinimann
Kleingeorg,https://github.com/stazh/sw-ehedaten/tree/main/data#FirstNameMan_Kleingeorg
Hilarius,https://github.com/stazh/sw-ehedaten/tree/main/data#FirstNameMan_Hilarius
Hans Erhard,https://github.com/stazh/sw-ehedaten/tree/main/data#FirstNameMan_Hans_Erhard
Eusebius,https://github.com/stazh/sw-ehedaten/tree/main/data#FirstNameMan_Eusebius
Titus,https://github.com/stazh/sw-ehedaten/tree/main/data#FirstNameMan_Titus
Bali,https://github.com/stazh/sw-ehedaten/tree/main/data#FirstNameMan_Bali
Eberhard,https://github.com/stazh/sw-ehedaten/tree/main/data#FirstNameMan_Eberhard
Anstatt,https://github.com/stazh/sw-ehedaten/tree/main/data#FirstNameMan_Anstatt
Anstett,https://github.com/stazh/sw-ehedaten/tree/main/data#FirstNameMan_Anstett
Röuchli,https://github.com/stazh/sw-ehedaten/tree/main/data#FirstNameMan_Roeuchli
Ulimann,https://github.com/stazh/sw-ehedaten/tree/main/data#FirstNameMan_Ulimann
Hans Albrecht,https://github.com/stazh/sw-ehedaten/tree/main/data#FirstNameMan_Hans_Albrecht
Pauli,https://github.com/stazh/sw-ehedaten/tree/main/data#FirstNameMan_Pauli
Urban,https://github.com/stazh/sw-ehedaten/tree/main/data#FirstNameMan_Urban
Gotthard,https://github.com/stazh/sw-ehedaten/tree/main/data#FirstNameMan_Gotthard
Hans Joder,https://github.com/stazh/sw-ehedaten/tree/main/data#FirstNameMan_Hans_Joder
Rizi,https://github.com/stazh/sw-ehedaten/tree/main/data#FirstNameMan_Rizi
Durst,https://github.com/stazh/sw-ehedaten/tree/main/data#FirstNameMan_Durst
Exuperantius,https://github.com/stazh/sw-ehedaten/tree/main/data#FirstNameMan_Exuperantius
Hansenmann,https://github.com/stazh/sw-ehedaten/tree/main/data#FirstNameMan_Hansenmann
Ernst Heinrich,https://github.com/stazh/sw-ehedaten/tree/main/data#FirstNameMan_Ernst_Heinrich
Johann Kaspar,https://github.com/stazh/sw-ehedaten/tree/main/data#FirstNameMan_Johann_Kaspar
Beat Rudolf,https://github.com/stazh/sw-ehedaten/tree/main/data#FirstNameMan_Beat_Rudolf
Hans Bartholomäus,https://github.com/stazh/sw-ehedaten/tree/main/data#FirstNameMan_Hans_Bartholomaeus
Josabe,https://github.com/stazh/sw-ehedaten/tree/main/data#FirstNameMan_Josabe
Suiderius,https://github.com/stazh/sw-ehedaten/tree/main/data#FirstNameMan_Suiderius
Cyriax,https://github.com/stazh/sw-ehedaten/tree/main/data#FirstNameMan_Cyriax
Karli,https://github.com/stazh/sw-ehedaten/tree/main/data#FirstNameMan_Karli
Paulus,https://github.com/stazh/sw-ehedaten/tree/main/data#FirstNameMan_Paulus
Poley,https://github.com/stazh/sw-ehedaten/tree/main/data#FirstNameMan_Poley
Rochus,https://github.com/stazh/sw-ehedaten/tree/main/data#FirstNameMan_Rochus
Egolf,https://github.com/stazh/sw-ehedaten/tree/main/data#FirstNameMan_Egolf
Hug,https://github.com/stazh/sw-ehedaten/tree/main/data#FirstNameMan_Hug
Pantaleon,https://github.com/stazh/sw-ehedaten/tree/main/data#FirstNameMan_Pantaleon
Gregorius,https://github.com/stazh/sw-ehedaten/tree/main/data#FirstNameMan_Gregorius
Grossgeorg,https://github.com/stazh/sw-ehedaten/tree/main/data#FirstNameMan_Grossgeorg
Aeberli,https://github.com/stazh/sw-ehedaten/tree/main/data#FirstNameMan_Aeberli
Baptista,https://github.com/stazh/sw-ehedaten/tree/main/data#FirstNameMan_Baptista
Fintan,https://github.com/stazh/sw-ehedaten/tree/main/data#FirstNameMan_Fintan
Vinzenz,https://github.com/stazh/sw-ehedaten/tree/main/data#FirstNameMan_Vinzenz
Onophrion,https://github.com/stazh/sw-ehedaten/tree/main/data#FirstNameMan_Onophrion
Ignatius,https://github.com/stazh/sw-ehedaten/tree/main/data#FirstNameMan_Ignatius
Benjamin,https://github.com/stazh/sw-ehedaten/tree/main/data#FirstNameMan_Benjamin
Hans Enderli,https://github.com/stazh/sw-ehedaten/tree/main/data#FirstNameMan_Hans_Enderli
Reinhard Kasimir,https://github.com/stazh/sw-ehedaten/tree/main/data#FirstNameMan_Reinhard_Kasimir
Hans Thomas,https://github.com/stazh/sw-ehedaten/tree/main/data#FirstNameMan_Hans_Thomas
Hugo,https://github.com/stazh/sw-ehedaten/tree/main/data#FirstNameMan_Hugo
Kleinbartholomäus,https://github.com/stazh/sw-ehedaten/tree/main/data#FirstNameMan_Kleinbartholomaeus
Titianus,https://github.com/stazh/sw-ehedaten/tree/main/data#FirstNameMan_Titianus
Cornel,https://github.com/stazh/sw-ehedaten/tree/main/data#FirstNameMan_Cornel
Bonaventura,https://github.com/stazh/sw-ehedaten/tree/main/data#FirstNameMan_Bonaventura
Elie,https://github.com/stazh/sw-ehedaten/tree/main/data#FirstNameMan_Elie
Pierrot,https://github.com/stazh/sw-ehedaten/tree/main/data#FirstNameMan_Pierrot
Denis,https://github.com/stazh/sw-ehedaten/tree/main/data#FirstNameMan_Denis
Christophorus,https://github.com/stazh/sw-ehedaten/tree/main/data#FirstNameMan_Christophorus
Pelagius,https://github.com/stazh/sw-ehedaten/tree/main/data#FirstNameMan_Pelagius
Blasius,https://github.com/stazh/sw-ehedaten/tree/main/data#FirstNameMan_Blasius
Morandus,https://github.com/stazh/sw-ehedaten/tree/main/data#FirstNameMan_Morandus
Lütti,https://github.com/stazh/sw-ehedaten/tree/main/data#FirstNameMan_Luetti
Timotheus,https://github.com/stazh/sw-ehedaten/tree/main/data#FirstNameMan_Timotheus
Leupold,https://github.com/stazh/sw-ehedaten/tree/main/data#FirstNameMan_Leupold
Hans Hermann,https://github.com/stazh/sw-ehedaten/tree/main/data#FirstNameMan_Hans_Hermann
Jesajas,https://github.com/stazh/sw-ehedaten/tree/main/data#FirstNameMan_Jesajas
Ezechiel,https://github.com/stazh/sw-ehedaten/tree/main/data#FirstNameMan_Ezechiel
Hans Michael,https://github.com/stazh/sw-ehedaten/tree/main/data#FirstNameMan_Hans_Michael
Langfelix,https://github.com/stazh/sw-ehedaten/tree/main/data#FirstNameMan_Langfelix
Egli,https://github.com/stazh/sw-ehedaten/tree/main/data#FirstNameMan_Egli
Wolf Friedrich,https://github.com/stazh/sw-ehedaten/tree/main/data#FirstNameMan_Wolf_Friedrich
Wolf,https://github.com/stazh/sw-ehedaten/tree/main/data#FirstNameMan_Wolf
Dietegen,https://github.com/stazh/sw-ehedaten/tree/main/data#FirstNameMan_Dietegen
Hans Wilpert,https://github.com/stazh/sw-ehedaten/tree/main/data#FirstNameMan_Hans_Wilpert
Leo,https://github.com/stazh/sw-ehedaten/tree/main/data#FirstNameMan_Leo
Hans Lux,https://github.com/stazh/sw-ehedaten/tree/main/data#FirstNameMan_Hans_Lux
Beat Ludwig,https://github.com/stazh/sw-ehedaten/tree/main/data#FirstNameMan_Beat_Ludwig
Heboch,https://github.com/stazh/sw-ehedaten/tree/main/data#FirstNameMan_Heboch
Abel,https://github.com/stazh/sw-ehedaten/tree/main/data#FirstNameMan_Abel
Grossjakob,https://github.com/stazh/sw-ehedaten/tree/main/data#FirstNameMan_Grossjakob
Lüpold,https://github.com/stazh/sw-ehedaten/tree/main/data#FirstNameMan_Luepold
Gervasius,https://github.com/stazh/sw-ehedaten/tree/main/data#FirstNameMan_Gervasius
Berchtold,https://github.com/stazh/sw-ehedaten/tree/main/data#FirstNameMan_Berchtold
Rupolz,https://github.com/stazh/sw-ehedaten/tree/main/data#FirstNameMan_Rupolz
Hektor,https://github.com/stazh/sw-ehedaten/tree/main/data#FirstNameMan_Hektor
Peter Paul,https://github.com/stazh/sw-ehedaten/tree/main/data#FirstNameMan_Peter_Paul
Rutsch,https://github.com/stazh/sw-ehedaten/tree/main/data#FirstNameMan_Rutsch
Hans Christoph,https://github.com/stazh/sw-ehedaten/tree/main/data#FirstNameMan_Hans_Christoph
Damian,https://github.com/stazh/sw-ehedaten/tree/main/data#FirstNameMan_Damian
Beat Wilhelm,https://github.com/stazh/sw-ehedaten/tree/main/data#FirstNameMan_Beat_Wilhelm
Rochius,https://github.com/stazh/sw-ehedaten/tree/main/data#FirstNameMan_Rochius
Esajas,https://github.com/stazh/sw-ehedaten/tree/main/data#FirstNameMan_Esajas
Rüeger,https://github.com/stazh/sw-ehedaten/tree/main/data#FirstNameMan_Rueeger
Carius,https://github.com/stazh/sw-ehedaten/tree/main/data#FirstNameMan_Carius
Bernhardin,https://github.com/stazh/sw-ehedaten/tree/main/data#FirstNameMan_Bernhardin
Wehrli,https://github.com/stazh/sw-ehedaten/tree/main/data#FirstNameMan_Wehrli
Hans Titus,https://github.com/stazh/sw-ehedaten/tree/main/data#FirstNameMan_Hans_Titus
Charis,https://github.com/stazh/sw-ehedaten/tree/main/data#FirstNameMan_Charis
Georg Michael,https://github.com/stazh/sw-ehedaten/tree/main/data#FirstNameMan_Georg_Michael
Laurenz,https://github.com/stazh/sw-ehedaten/tree/main/data#FirstNameMan_Laurenz
Viktor,https://github.com/stazh/sw-ehedaten/tree/main/data#FirstNameMan_Viktor
Bizi,https://github.com/stazh/sw-ehedaten/tree/main/data#FirstNameMan_Bizi
Ulysses,https://github.com/stazh/sw-ehedaten/tree/main/data#FirstNameMan_Ulysses
Grossheinrich,https://github.com/stazh/sw-ehedaten/tree/main/data#FirstNameMan_Grossheinrich
Stottli,https://github.com/stazh/sw-ehedaten/tree/main/data#FirstNameMan_Stottli
Fritz,https://github.com/stazh/sw-ehedaten/tree/main/data#FirstNameMan_Fritz
Siegfried,https://github.com/stazh/sw-ehedaten/tree/main/data#FirstNameMan_Siegfried
Lukas,https://github.com/stazh/sw-ehedaten/tree/main/data#FirstNameMan_Lukas
Reinhard,https://github.com/stazh/sw-ehedaten/tree/main/data#FirstNameMan_Reinhard
Elogius,https://github.com/stazh/sw-ehedaten/tree/main/data#FirstNameMan_Elogius
Johann Christoph,https://github.com/stazh/sw-ehedaten/tree/main/data#FirstNameMan_Johann_Christoph
Brunhans,https://github.com/stazh/sw-ehedaten/tree/main/data#FirstNameMan_Brunhans
Vital,https://github.com/stazh/sw-ehedaten/tree/main/data#FirstNameMan_Vital
Kleinrudolf,https://github.com/stazh/sw-ehedaten/tree/main/data#FirstNameMan_Kleinrudolf
Eustachius,https://github.com/stazh/sw-ehedaten/tree/main/data#FirstNameMan_Eustachius
Beat Joachim,https://github.com/stazh/sw-ehedaten/tree/main/data#FirstNameMan_Beat_Joachim
Job,https://github.com/stazh/sw-ehedaten/tree/main/data#FirstNameMan_Job
Enderli,https://github.com/stazh/sw-ehedaten/tree/main/data#FirstNameMan_Enderli
Hans Philipp,https://github.com/stazh/sw-ehedaten/tree/main/data#FirstNameMan_Hans_Philipp
Eucharius,https://github.com/stazh/sw-ehedaten/tree/main/data#FirstNameMan_Eucharius
Cimprecht,https://github.com/stazh/sw-ehedaten/tree/main/data#FirstNameMan_Cimprecht
Dominikus,https://github.com/stazh/sw-ehedaten/tree/main/data#FirstNameMan_Dominikus
Rennwart,https://github.com/stazh/sw-ehedaten/tree/main/data#FirstNameMan_Rennwart
Bilgeri,https://github.com/stazh/sw-ehedaten/tree/main/data#FirstNameMan_Bilgeri
Beringer,https://github.com/stazh/sw-ehedaten/tree/main/data#FirstNameMan_Beringer
Gladi,https://github.com/stazh/sw-ehedaten/tree/main/data#FirstNameMan_Gladi
Zachäus,https://github.com/stazh/sw-ehedaten/tree/main/data#FirstNameMan_Zachaeus
Arnold,https://github.com/stazh/sw-ehedaten/tree/main/data#FirstNameMan_Arnold
Sylvester,https://github.com/stazh/sw-ehedaten/tree/main/data#FirstNameMan_Sylvester
Raphael,https://github.com/stazh/sw-ehedaten/tree/main/data#FirstNameMan_Raphael
Dale,https://github.com/stazh/sw-ehedaten/tree/main/data#FirstNameMan_Dale
Matern,https://github.com/stazh/sw-ehedaten/tree/main/data#FirstNameMan_Matern
Thüring,https://github.com/stazh/sw-ehedaten/tree/main/data#FirstNameMan_Thuering
Bonifatius,https://github.com/stazh/sw-ehedaten/tree/main/data#FirstNameMan_Bonifatius
Asimus,https://github.com/stazh/sw-ehedaten/tree/main/data#FirstNameMan_Asimus
Hans Viktor,https://github.com/stazh/sw-ehedaten/tree/main/data#FirstNameMan_Hans_Viktor
Marsilius,https://github.com/stazh/sw-ehedaten/tree/main/data#FirstNameMan_Marsilius
Itelhans,https://github.com/stazh/sw-ehedaten/tree/main/data#FirstNameMan_Itelhans
Wernli,https://github.com/stazh/sw-ehedaten/tree/main/data#FirstNameMan_Wernli
Hans Hug,https://github.com/stazh/sw-ehedaten/tree/main/data#FirstNameMan_Hans_Hug
Hans Lienhard,https://github.com/stazh/sw-ehedaten/tree/main/data#FirstNameMan_Hans_Lienhard
Ezechias,https://github.com/stazh/sw-ehedaten/tree/main/data#FirstNameMan_Ezechias
Moses,https://github.com/stazh/sw-ehedaten/tree/main/data#FirstNameMan_Moses
Martyr,https://github.com/stazh/sw-ehedaten/tree/main/data#FirstNameMan_Martyr
Absolom,https://github.com/stazh/sw-ehedaten/tree/main/data#FirstNameMan_Absolom
Beat Felix,https://github.com/stazh/sw-ehedaten/tree/main/data#FirstNameMan_Beat_Felix
Hans Alexander,https://github.com/stazh/sw-ehedaten/tree/main/data#FirstNameMan_Hans_Alexander
Horatius,https://github.com/stazh/sw-ehedaten/tree/main/data#FirstNameMan_Horatius
Florin,https://github.com/stazh/sw-ehedaten/tree/main/data#FirstNameMan_Florin
Otto,https://github.com/stazh/sw-ehedaten/tree/main/data#FirstNameMan_Otto
Georg Heinrich,https://github.com/stazh/sw-ehedaten/tree/main/data#FirstNameMan_Georg_Heinrich
Julius,https://github.com/stazh/sw-ehedaten/tree/main/data#FirstNameMan_Julius
Gorgias,https://github.com/stazh/sw-ehedaten/tree/main/data#FirstNameMan_Gorgias
Hans Franz,https://github.com/stazh/sw-ehedaten/tree/main/data#FirstNameMan_Hans_Franz
Wernhart,https://github.com/stazh/sw-ehedaten/tree/main/data#FirstNameMan_Wernhart
Josue,https://github.com/stazh/sw-ehedaten/tree/main/data#FirstNameMan_Josue
Gorgius,https://github.com/stazh/sw-ehedaten/tree/main/data#FirstNameMan_Gorgius
Jakob Melchior,https://github.com/stazh/sw-ehedaten/tree/main/data#FirstNameMan_Jakob_Melchior
Cirillus,https://github.com/stazh/sw-ehedaten/tree/main/data#FirstNameMan_Cirillus
Theophil,https://github.com/stazh/sw-ehedaten/tree/main/data#FirstNameMan_Theophil
Fluri,https://github.com/stazh/sw-ehedaten/tree/main/data#FirstNameMan_Fluri
Noé,https://github.com/stazh/sw-ehedaten/tree/main/data#FirstNameMan_Noe
Petronius,https://github.com/stazh/sw-ehedaten/tree/main/data#FirstNameMan_Petronius
"Bartholomäus""","https://github.com/stazh/sw-ehedaten/tree/main/data#FirstNameMan_Bartholomaeus"""
Hans Diebold,https://github.com/stazh/sw-ehedaten/tree/main/data#FirstNameMan_Hans_Diebold
H...,https://github.com/stazh/sw-ehedaten/tree/main/data#FirstNameMan_H
Quirinus,https://github.com/stazh/sw-ehedaten/tree/main/data#FirstNameMan_Quirinus
Sarius,https://github.com/stazh/sw-ehedaten/tree/main/data#FirstNameMan_Sarius
Deogratias,https://github.com/stazh/sw-ehedaten/tree/main/data#FirstNameMan_Deogratias
Hans Werner,https://github.com/stazh/sw-ehedaten/tree/main/data#FirstNameMan_Hans_Werner
Johann Hartmann,https://github.com/stazh/sw-ehedaten/tree/main/data#FirstNameMan_Johann_Hartmann
Johann Bernhard,https://github.com/stazh/sw-ehedaten/tree/main/data#FirstNameMan_Johann_Bernhard
Ruben,https://github.com/stazh/sw-ehedaten/tree/main/data#FirstNameMan_Ruben
Johann Ludwig,https://github.com/stazh/sw-ehedaten/tree/main/data#FirstNameMan_Johann_Ludwig
Leodegar,https://github.com/stazh/sw-ehedaten/tree/main/data#FirstNameMan_Leodegar
Georg Wolf,https://github.com/stazh/sw-ehedaten/tree/main/data#FirstNameMan_Georg_Wolf
Johann Wilhelm,https://github.com/stazh/sw-ehedaten/tree/main/data#FirstNameMan_Johann_Wilhelm
Hans Diethelm,https://github.com/stazh/sw-ehedaten/tree/main/data#FirstNameMan_Hans_Diethelm
Johann Theobald,https://github.com/stazh/sw-ehedaten/tree/main/data#FirstNameMan_Johann_Theobald
Herkules,https://github.com/stazh/sw-ehedaten/tree/main/data#FirstNameMan_Herkules
Hans Lutz,https://github.com/stazh/sw-ehedaten/tree/main/data#FirstNameMan_Hans_Lutz
Johann Friedrich,https://github.com/stazh/sw-ehedaten/tree/main/data#FirstNameMan_Johann_Friedrich
Philipp Konrad,https://github.com/stazh/sw-ehedaten/tree/main/data#FirstNameMan_Philipp_Konrad
Pierre,https://github.com/stazh/sw-ehedaten/tree/main/data#FirstNameMan_Pierre
Johann Baptist,https://github.com/stazh/sw-ehedaten/tree/main/data#FirstNameMan_Johann_Baptist
Johann Georg,https://github.com/stazh/sw-ehedaten/tree/main/data#FirstNameMan_Johann_Georg
Johann Baptista,https://github.com/stazh/sw-ehedaten/tree/main/data#FirstNameMan_Johann_Baptista
Georg Friedrich,https://github.com/stazh/sw-ehedaten/tree/main/data#FirstNameMan_Georg_Friedrich
Wolf Dietrich,https://github.com/stazh/sw-ehedaten/tree/main/data#FirstNameMan_Wolf_Dietrich
Calixt,https://github.com/stazh/sw-ehedaten/tree/main/data#FirstNameMan_Calixt
Franz Ferdinand,https://github.com/stazh/sw-ehedaten/tree/main/data#FirstNameMan_Franz_Ferdinand
Friedrich Ludwig,https://github.com/stazh/sw-ehedaten/tree/main/data#FirstNameMan_Friedrich_Ludwig
Johann Andreas,https://github.com/stazh/sw-ehedaten/tree/main/data#FirstNameMan_Johann_Andreas
Karl Friedrich,https://github.com/stazh/sw-ehedaten/tree/main/data#FirstNameMan_Karl_Friedrich
Johann Martin,https://github.com/stazh/sw-ehedaten/tree/main/data#FirstNameMan_Johann_Martin
Jakob Heinrich,https://github.com/stazh/sw-ehedaten/tree/main/data#FirstNameMan_Jakob_Heinrich
Johann Felix,https://github.com/stazh/sw-ehedaten/tree/main/data#FirstNameMan_Johann_Felix
Gerhard,https://github.com/stazh/sw-ehedaten/tree/main/data#FirstNameMan_Gerhard
Johann Melchior,https://github.com/stazh/sw-ehedaten/tree/main/data#FirstNameMan_Johann_Melchior
Karl,https://github.com/stazh/sw-ehedaten/tree/main/data#FirstNameMan_Karl
Karl Emanuel,https://github.com/stazh/sw-ehedaten/tree/main/data#FirstNameMan_Karl_Emanuel
Georg Leonhard,https://github.com/stazh/sw-ehedaten/tree/main/data#FirstNameMan_Georg_Leonhard
Hans Sigmund,https://github.com/stazh/sw-ehedaten/tree/main/data#FirstNameMan_Hans_Sigmund
Gottfried,https://github.com/stazh/sw-ehedaten/tree/main/data#FirstNameMan_Gottfried
Georg Ludwig,https://github.com/stazh/sw-ehedaten/tree/main/data#FirstNameMan_Georg_Ludwig
Johann Adam,https://github.com/stazh/sw-ehedaten/tree/main/data#FirstNameMan_Johann_Adam
Wilhelm Heinrich,https://github.com/stazh/sw-ehedaten/tree/main/data#FirstNameMan_Wilhelm_Heinrich
Wilhelm Adam,https://github.com/stazh/sw-ehedaten/tree/main/data#FirstNameMan_Wilhelm_Adam
Paul Friedrich,https://github.com/stazh/sw-ehedaten/tree/main/data#FirstNameMan_Paul_Friedrich
Johann Samuel,https://github.com/stazh/sw-ehedaten/tree/main/data#FirstNameMan_Johann_Samuel
Christoph Friedrich,https://github.com/stazh/sw-ehedaten/tree/main/data#FirstNameMan_Christoph_Friedrich
Hartmann Friedrich,https://github.com/stazh/sw-ehedaten/tree/main/data#FirstNameMan_Hartmann_Friedrich
Johann Michael,https://github.com/stazh/sw-ehedaten/tree/main/data#FirstNameMan_Johann_Michael
Wilhelm Eberhard,https://github.com/stazh/sw-ehedaten/tree/main/data#FirstNameMan_Wilhelm_Eberhard
Karl Moritz,https://github.com/stazh/sw-ehedaten/tree/main/data#FirstNameMan_Karl_Moritz
Paravicin,https://github.com/stazh/sw-ehedaten/tree/main/data#FirstNameMan_Paravicin
Barthold,https://github.com/stazh/sw-ehedaten/tree/main/data#FirstNameMan_Barthold
Ami,https://github.com/stazh/sw-ehedaten/tree/main/data#FirstNameMan_Ami
Beat Wunibald,https://github.com/stazh/sw-ehedaten/tree/main/data#FirstNameMan_Beat_Wunibald
Hans Lüpold,https://github.com/stazh/sw-ehedaten/tree/main/data#FirstNameMan_Hans_Luepold
Vigile,https://github.com/stazh/sw-ehedaten/tree/main/data#FirstNameMan_Vigile
Enoch,https://github.com/stazh/sw-ehedaten/tree/main/data#FirstNameMan_Enoch
Johann Gottlieb,https://github.com/stazh/sw-ehedaten/tree/main/data#FirstNameMan_Johann_Gottlieb
Johann Bartholomäus,https://github.com/stazh/sw-ehedaten/tree/main/data#FirstNameMan_Johann_Bartholomaeus
Christian Abraham,https://github.com/stazh/sw-ehedaten/tree/main/data#FirstNameMan_Christian_Abraham
Georg Christoph,https://github.com/stazh/sw-ehedaten/tree/main/data#FirstNameMan_Georg_Christoph
Jean Jacques,https://github.com/stazh/sw-ehedaten/tree/main/data#FirstNameMan_Jean_Jacques
Jakob Andreas,https://github.com/stazh/sw-ehedaten/tree/main/data#FirstNameMan_Jakob_Andreas
Gottlieb,https://github.com/stazh/sw-ehedaten/tree/main/data#FirstNameMan_Gottlieb
Matthias Wilhelm,https://github.com/stazh/sw-ehedaten/tree/main/data#FirstNameMan_Matthias_Wilhelm
Hans Jakob Christoph,https://github.com/stazh/sw-ehedaten/tree/main/data#FirstNameMan_Hans_Jakob_Christoph
Heinrich Antoni,https://github.com/stazh/sw-ehedaten/tree/main/data#FirstNameMan_Heinrich_Antoni
Friedrich Salomon,https://github.com/stazh/sw-ehedaten/tree/main/data#FirstNameMan_Friedrich_Salomon
David Peter,https://github.com/stazh/sw-ehedaten/tree/main/data#FirstNameMan_David_Peter
Ferdinand,https://github.com/stazh/sw-ehedaten/tree/main/data#FirstNameMan_Ferdinand
Samuel Franz,https://github.com/stazh/sw-ehedaten/tree/main/data#FirstNameMan_Samuel_Franz
Daniel Konrad,https://github.com/stazh/sw-ehedaten/tree/main/data#FirstNameMan_Daniel_Konrad
Christian Friedrich,https://github.com/stazh/sw-ehedaten/tree/main/data#FirstNameMan_Christian_Friedrich
Fortunat,https://github.com/stazh/sw-ehedaten/tree/main/data#FirstNameMan_Fortunat
Franz Heinrich,https://github.com/stazh/sw-ehedaten/tree/main/data#FirstNameMan_Franz_Heinrich
Johann Thomas,https://github.com/stazh/sw-ehedaten/tree/main/data#FirstNameMan_Johann_Thomas
Leopold,https://github.com/stazh/sw-ehedaten/tree/main/data#FirstNameMan_Leopold
Johann David,https://github.com/stazh/sw-ehedaten/tree/main/data#FirstNameMan_Johann_David
Felix Ulrich,https://github.com/stazh/sw-ehedaten/tree/main/data#FirstNameMan_Felix_Ulrich
Wenzeslaus,https://github.com/stazh/sw-ehedaten/tree/main/data#FirstNameMan_Wenzeslaus
Georg Martin,https://github.com/stazh/sw-ehedaten/tree/main/data#FirstNameMan_Georg_Martin
Johann Franz Philipp Amadeus,https://github.com/stazh/sw-ehedaten/tree/main/data#FirstNameMan_Johann_Franz_Philipp_Amadeus
Philipp Heinrich,https://github.com/stazh/sw-ehedaten/tree/main/data#FirstNameMan_Philipp_Heinrich
Karl Ferdinand,https://github.com/stazh/sw-ehedaten/tree/main/data#FirstNameMan_Karl_Ferdinand
Peter Josef,https://github.com/stazh/sw-ehedaten/tree/main/data#FirstNameMan_Peter_Josef
Johann Hieronymus,https://github.com/stazh/sw-ehedaten/tree/main/data#FirstNameMan_Johann_Hieronymus
Hartmann Heinrich,https://github.com/stazh/sw-ehedaten/tree/main/data#FirstNameMan_Hartmann_Heinrich
Jakob Friedrich,https://github.com/stazh/sw-ehedaten/tree/main/data#FirstNameMan_Jakob_Friedrich
Jean,https://github.com/stazh/sw-ehedaten/tree/main/data#FirstNameMan_Jean
Adam Friedrich,https://github.com/stazh/sw-ehedaten/tree/main/data#FirstNameMan_Adam_Friedrich
Jean Pierre,https://github.com/stazh/sw-ehedaten/tree/main/data#FirstNameMan_Jean_Pierre
Jean Claude,https://github.com/stazh/sw-ehedaten/tree/main/data#FirstNameMan_Jean_Claude
Heinrich Rudolf,https://github.com/stazh/sw-ehedaten/tree/main/data#FirstNameMan_Heinrich_Rudolf
Johann Richard,https://github.com/stazh/sw-ehedaten/tree/main/data#FirstNameMan_Johann_Richard
Louis François,https://github.com/stazh/sw-ehedaten/tree/main/data#FirstNameMan_Louis_François
Jakob Ludwig,https://github.com/stazh/sw-ehedaten/tree/main/data#FirstNameMan_Jakob_Ludwig
Johann Augustin,https://github.com/stazh/sw-ehedaten/tree/main/data#FirstNameMan_Johann_Augustin
Jean Joseph,https://github.com/stazh/sw-ehedaten/tree/main/data#FirstNameMan_Jean_Joseph
Gerold Heinrich,https://github.com/stazh/sw-ehedaten/tree/main/data#FirstNameMan_Gerold_Heinrich
Heinrich Andreas,https://github.com/stazh/sw-ehedaten/tree/main/data#FirstNameMan_Heinrich_Andreas
Gottlieb Melchior,https://github.com/stazh/sw-ehedaten/tree/main/data#FirstNameMan_Gottlieb_Melchior
Armandus,https://github.com/stazh/sw-ehedaten/tree/main/data#FirstNameMan_Armandus
Christian Benjamin,https://github.com/stazh/sw-ehedaten/tree/main/data#FirstNameMan_Christian_Benjamin
François Louis,https://github.com/stazh/sw-ehedaten/tree/main/data#FirstNameMan_François_Louis
Adrian David,https://github.com/stazh/sw-ehedaten/tree/main/data#FirstNameMan_Adrian_David
Friedrich Franz,https://github.com/stazh/sw-ehedaten/tree/main/data#FirstNameMan_Friedrich_Franz
Jean François,https://github.com/stazh/sw-ehedaten/tree/main/data#FirstNameMan_Jean_François
Jean Elie,https://github.com/stazh/sw-ehedaten/tree/main/data#FirstNameMan_Jean_Elie
Jean Dominique,https://github.com/stazh/sw-ehedaten/tree/main/data#FirstNameMan_Jean_Dominique
Romanus,https://github.com/stazh/sw-ehedaten/tree/main/data#FirstNameMan_Romanus
Friedrich Jakob,https://github.com/stazh/sw-ehedaten/tree/main/data#FirstNameMan_Friedrich_Jakob
Friedrich Magnus,https://github.com/stazh/sw-ehedaten/tree/main/data#FirstNameMan_Friedrich_Magnus
Jakob Wilhelm,https://github.com/stazh/sw-ehedaten/tree/main/data#FirstNameMan_Jakob_Wilhelm
Johann Paulus,https://github.com/stazh/sw-ehedaten/tree/main/data#FirstNameMan_Johann_Paulus
Johann Reinhard,https://github.com/stazh/sw-ehedaten/tree/main/data#FirstNameMan_Johann_Reinhard
Bernhard Oswald,https://github.com/stazh/sw-ehedaten/tree/main/data#FirstNameMan_Bernhard_Oswald
Johann Dietrich,https://github.com/stazh/sw-ehedaten/tree/main/data#FirstNameMan_Johann_Dietrich
Friedrich Daniel,https://github.com/stazh/sw-ehedaten/tree/main/data#FirstNameMan_Friedrich_Daniel
Imbert Ernst,https://github.com/stazh/sw-ehedaten/tree/main/data#FirstNameMan_Imbert_Ernst
Divan,https://github.com/stazh/sw-ehedaten/tree/main/data#FirstNameMan_Divan
Hans Walter,https://github.com/stazh/sw-ehedaten/tree/main/data#FirstNameMan_Hans_Walter
Florian,https://github.com/stazh/sw-ehedaten/tree/main/data#FirstNameMan_Florian
Johann Matthäus,https://github.com/stazh/sw-ehedaten/tree/main/data#FirstNameMan_Johann_Matthaeus
Jakob Konrad,https://github.com/stazh/sw-ehedaten/tree/main/data#FirstNameMan_Jakob_Konrad
Christian Jakob,https://github.com/stazh/sw-ehedaten/tree/main/data#FirstNameMan_Christian_Jakob
Christoph Heinrich,https://github.com/stazh/sw-ehedaten/tree/main/data#FirstNameMan_Christoph_Heinrich
Georg Joachim,https://github.com/stazh/sw-ehedaten/tree/main/data#FirstNameMan_Georg_Joachim
Hans Simon,https://github.com/stazh/sw-ehedaten/tree/main/data#FirstNameMan_Hans_Simon
Anton,https://github.com/stazh/sw-ehedaten/tree/main/data#FirstNameMan_Anton
Augustin Marie,https://github.com/stazh/sw-ehedaten/tree/main/data#FirstNameMan_Augustin_Marie
Friedrich August,https://github.com/stazh/sw-ehedaten/tree/main/data#FirstNameMan_Friedrich_August
Pierre René,https://github.com/stazh/sw-ehedaten/tree/main/data#FirstNameMan_Pierre_Rene
Johann Lukas Salomon,https://github.com/stazh/sw-ehedaten/tree/main/data#FirstNameMan_Johann_Lukas_Salomon
Franz Ludwig,https://github.com/stazh/sw-ehedaten/tree/main/data#FirstNameMan_Franz_Ludwig
Hans Renet,https://github.com/stazh/sw-ehedaten/tree/main/data#FirstNameMan_Hans_Renet
Philipp Ulrich,https://github.com/stazh/sw-ehedaten/tree/main/data#FirstNameMan_Philipp_Ulrich
Rudolf Beat,https://github.com/stazh/sw-ehedaten/tree/main/data#FirstNameMan_Rudolf_Beat
Jean Daniel,https://github.com/stazh/sw-ehedaten/tree/main/data#FirstNameMan_Jean_Daniel
Abraham Emanuel,https://github.com/stazh/sw-ehedaten/tree/main/data#FirstNameMan_Abraham_Emanuel
Franziskus,https://github.com/stazh/sw-ehedaten/tree/main/data#FirstNameMan_Franziskus
Johann Wilpert,https://github.com/stazh/sw-ehedaten/tree/main/data#FirstNameMan_Johann_Wilpert
Christian Konrad,https://github.com/stazh/sw-ehedaten/tree/main/data#FirstNameMan_Christian_Konrad
Erhard David,https://github.com/stazh/sw-ehedaten/tree/main/data#FirstNameMan_Erhard_David
Wilhelm Rudolf,https://github.com/stazh/sw-ehedaten/tree/main/data#FirstNameMan_Wilhelm_Rudolf
Johann Albrecht,https://github.com/stazh/sw-ehedaten/tree/main/data#FirstNameMan_Johann_Albrecht
Christoph Salomon,https://github.com/stazh/sw-ehedaten/tree/main/data#FirstNameMan_Christoph_Salomon
Karl Ludwig,https://github.com/stazh/sw-ehedaten/tree/main/data#FirstNameMan_Karl_Ludwig
Emanuel Rudolf,https://github.com/stazh/sw-ehedaten/tree/main/data#FirstNameMan_Emanuel_Rudolf
Christmann,https://github.com/stazh/sw-ehedaten/tree/main/data#FirstNameMan_Christmann
Johann Leonhard,https://github.com/stazh/sw-ehedaten/tree/main/data#FirstNameMan_Johann_Leonhard
Johann,https://github.com/stazh/sw-ehedaten/tree/main/data#FirstNameMan_Johann
Ruprecht Friedrich,https://github.com/stazh/sw-ehedaten/tree/main/data#FirstNameMan_Ruprecht_Friedrich
Friedrich Bernhard,https://github.com/stazh/sw-ehedaten/tree/main/data#FirstNameMan_Friedrich_Bernhard
Franz Adrian,https://github.com/stazh/sw-ehedaten/tree/main/data#FirstNameMan_Franz_Adrian
Hildebrand,https://github.com/stazh/sw-ehedaten/tree/main/data#FirstNameMan_Hildebrand
Noah,https://github.com/stazh/sw-ehedaten/tree/main/data#FirstNameMan_Noah
David Rudolf,https://github.com/stazh/sw-ehedaten/tree/main/data#FirstNameMan_David_Rudolf
Ruprecht,https://github.com/stazh/sw-ehedaten/tree/main/data#FirstNameMan_Ruprecht
François,https://github.com/stazh/sw-ehedaten/tree/main/data#FirstNameMan_François
Kleinmartin,https://github.com/stazh/sw-ehedaten/tree/main/data#FirstNameMan_Kleinmartin
Sigmund Ferdinand,https://github.com/stazh/sw-ehedaten/tree/main/data#FirstNameMan_Sigmund_Ferdinand
Georg Ernst,https://github.com/stazh/sw-ehedaten/tree/main/data#FirstNameMan_Georg_Ernst
Peter Friedrich,https://github.com/stazh/sw-ehedaten/tree/main/data#FirstNameMan_Peter_Friedrich
Hans K...,https://github.com/stazh/sw-ehedaten/tree/main/data#FirstNameMan_Hans_K
Theobald,https://github.com/stazh/sw-ehedaten/tree/main/data#FirstNameMan_Theobald
Hans Gerius,https://github.com/stazh/sw-ehedaten/tree/main/data#FirstNameMan_Hans_Gerius
Caleph,https://github.com/stazh/sw-ehedaten/tree/main/data#FirstNameMan_Caleph
Mauritz,https://github.com/stazh/sw-ehedaten/tree/main/data#FirstNameMan_Mauritz
Heinulrich,https://github.com/stazh/sw-ehedaten/tree/main/data#FirstNameMan_Heinulrich
Hammann,https://github.com/stazh/sw-ehedaten/tree/main/data#FirstNameMan_Hammann
Gratiosus,https://github.com/stazh/sw-ehedaten/tree/main/data#FirstNameMan_Gratiosus
Hans Burkhard,https://github.com/stazh/sw-ehedaten/tree/main/data#FirstNameMan_Hans_Burkhard
Ulrich.,https://github.com/stazh/sw-ehedaten/tree/main/data#FirstNameMan_Ulrich
Poli,https://github.com/stazh/sw-ehedaten/tree/main/data#FirstNameMan_Poli
Ziliox,https://github.com/stazh/sw-ehedaten/tree/main/data#FirstNameMan_Ziliox
Felix Christian,https://github.com/stazh/sw-ehedaten/tree/main/data#FirstNameMan_Felix_Christian
Johann Balthasar,https://github.com/stazh/sw-ehedaten/tree/main/data#FirstNameMan_Johann_Balthasar
Degen,https://github.com/stazh/sw-ehedaten/tree/main/data#FirstNameMan_Degen
Hans Stefan,https://github.com/stazh/sw-ehedaten/tree/main/data#FirstNameMan_Hans_Stefan
Weisshans,https://github.com/stazh/sw-ehedaten/tree/main/data#FirstNameMan_Weisshans
Hein-Uli,https://github.com/stazh/sw-ehedaten/tree/main/data#FirstNameMan_Hein-Uli
Saris,https://github.com/stazh/sw-ehedaten/tree/main/data#FirstNameMan_Saris
Rupolt,https://github.com/stazh/sw-ehedaten/tree/main/data#FirstNameMan_Rupolt
Johann Valentin,https://github.com/stazh/sw-ehedaten/tree/main/data#FirstNameMan_Johann_Valentin
Petermann,https://github.com/stazh/sw-ehedaten/tree/main/data#FirstNameMan_Petermann
Tiburtius,https://github.com/stazh/sw-ehedaten/tree/main/data#FirstNameMan_Tiburtius
Hans Ulrich.,https://github.com/stazh/sw-ehedaten/tree/main/data#FirstNameMan_Hans_Ulrich
Johannes Heinrich,https://github.com/stazh/sw-ehedaten/tree/main/data#FirstNameMan_Johannes_Heinrich
Grossulrich,https://github.com/stazh/sw-ehedaten/tree/main/data#FirstNameMan_Grossulrich
Cosman,https://github.com/stazh/sw-ehedaten/tree/main/data#FirstNameMan_Cosman
Hans Bilgeri,https://github.com/stazh/sw-ehedaten/tree/main/data#FirstNameMan_Hans_Bilgeri
Gideon,https://github.com/stazh/sw-ehedaten/tree/main/data#FirstNameMan_Gideon
Lips,https://github.com/stazh/sw-ehedaten/tree/main/data#FirstNameMan_Lips
Johann Werner,https://github.com/stazh/sw-ehedaten/tree/main/data#FirstNameMan_Johann_Werner
Hans Gerold,https://github.com/stazh/sw-ehedaten/tree/main/data#FirstNameMan_Hans_Gerold
Thaddäus,https://github.com/stazh/sw-ehedaten/tree/main/data#FirstNameMan_Thaddaeus
Cyrinus,https://github.com/stazh/sw-ehedaten/tree/main/data#FirstNameMan_Cyrinus
Gedeon,https://github.com/stazh/sw-ehedaten/tree/main/data#FirstNameMan_Gedeon
Juda,https://github.com/stazh/sw-ehedaten/tree/main/data#FirstNameMan_Juda
Sebacius,https://github.com/stazh/sw-ehedaten/tree/main/data#FirstNameMan_Sebacius
Jordanus,https://github.com/stazh/sw-ehedaten/tree/main/data#FirstNameMan_Jordanus
Luzius,https://github.com/stazh/sw-ehedaten/tree/main/data#FirstNameMan_Luzius
Walthart,https://github.com/stazh/sw-ehedaten/tree/main/data#FirstNameMan_Walthart
Hans Ulrich Philipp,https://github.com/stazh/sw-ehedaten/tree/main/data#FirstNameMan_Hans_Ulrich_Philipp
K...,https://github.com/stazh/sw-ehedaten/tree/main/data#FirstNameMan_K
Vitalis,https://github.com/stazh/sw-ehedaten/tree/main/data#FirstNameMan_Vitalis
Johann Otto,https://github.com/stazh/sw-ehedaten/tree/main/data#FirstNameMan_Johann_Otto
Rudolf Melchior,https://github.com/stazh/sw-ehedaten/tree/main/data#FirstNameMan_Rudolf_Melchior
Chrysostomus,https://github.com/stazh/sw-ehedaten/tree/main/data#FirstNameMan_Chrysostomus
Johann Gebhard,https://github.com/stazh/sw-ehedaten/tree/main/data#FirstNameMan_Johann_Gebhard
Engelbert,https://github.com/stazh/sw-ehedaten/tree/main/data#FirstNameMan_Engelbert
Karl Jeremias Friedrich,https://github.com/stazh/sw-ehedaten/tree/main/data#FirstNameMan_Karl_Jeremias_Friedrich
Michael Stefan,https://github.com/stazh/sw-ehedaten/tree/main/data#FirstNameMan_Michael_Stefan
Andreas Jakob,https://github.com/stazh/sw-ehedaten/tree/main/data#FirstNameMan_Andreas_Jakob
Wälti,https://github.com/stazh/sw-ehedaten/tree/main/data#FirstNameMan_Waelti
Jakob Bernhard,https://github.com/stazh/sw-ehedaten/tree/main/data#FirstNameMan_Jakob_Bernhard
Ernst Friedrich,https://github.com/stazh/sw-ehedaten/tree/main/data#FirstNameMan_Ernst_Friedrich
Georg Johann Friedrich,https://github.com/stazh/sw-ehedaten/tree/main/data#FirstNameMan_Georg_Johann_Friedrich
Immanuel,https://github.com/stazh/sw-ehedaten/tree/main/data#FirstNameMan_Immanuel
Johann Gottlob,https://github.com/stazh/sw-ehedaten/tree/main/data#FirstNameMan_Johann_Gottlob
Matthias Gottfried,https://github.com/stazh/sw-ehedaten/tree/main/data#FirstNameMan_Matthias_Gottfried
Jean Etienne,https://github.com/stazh/sw-ehedaten/tree/main/data#FirstNameMan_Jean_Etienne
Jacques,https://github.com/stazh/sw-ehedaten/tree/main/data#FirstNameMan_Jacques
Abraham Karl,https://github.com/stazh/sw-ehedaten/tree/main/data#FirstNameMan_Abraham_Karl
Franz Antoni,https://github.com/stazh/sw-ehedaten/tree/main/data#FirstNameMan_Franz_Antoni
August Heinrich,https://github.com/stazh/sw-ehedaten/tree/main/data#FirstNameMan_August_Heinrich
Thomas Franz Heinrich,https://github.com/stazh/sw-ehedaten/tree/main/data#FirstNameMan_Thomas_Franz_Heinrich
Jean Marc,https://github.com/stazh/sw-ehedaten/tree/main/data#FirstNameMan_Jean_Marc
Christoph Adam,https://github.com/stazh/sw-ehedaten/tree/main/data#FirstNameMan_Christoph_Adam
Friedrich Emanuel,https://github.com/stazh/sw-ehedaten/tree/main/data#FirstNameMan_Friedrich_Emanuel
Johann Philipp,https://github.com/stazh/sw-ehedaten/tree/main/data#FirstNameMan_Johann_Philipp
Johann Anton,https://github.com/stazh/sw-ehedaten/tree/main/data#FirstNameMan_Johann_Anton
Salomon Friedrich,https://github.com/stazh/sw-ehedaten/tree/main/data#FirstNameMan_Salomon_Friedrich
Heinrich Beat Leonhard,https://github.com/stazh/sw-ehedaten/tree/main/data#FirstNameMan_Heinrich_Beat_Leonhard
Georg Jakob,https://github.com/stazh/sw-ehedaten/tree/main/data#FirstNameMan_Georg_Jakob
Tobias Michael,https://github.com/stazh/sw-ehedaten/tree/main/data#FirstNameMan_Tobias_Michael
Pierre Jacques,https://github.com/stazh/sw-ehedaten/tree/main/data#FirstNameMan_Pierre_Jacques
Peter Bernhard,https://github.com/stazh/sw-ehedaten/tree/main/data#FirstNameMan_Peter_Bernhard
Wilhelm Friedrich,https://github.com/stazh/sw-ehedaten/tree/main/data#FirstNameMan_Wilhelm_Friedrich
Heinrich Philipp,https://github.com/stazh/sw-ehedaten/tree/main/data#FirstNameMan_Heinrich_Philipp
Franz Josef,https://github.com/stazh/sw-ehedaten/tree/main/data#FirstNameMan_Franz_Josef
Ehrenfried,https://github.com/stazh/sw-ehedaten/tree/main/data#FirstNameMan_Ehrenfried
Sinesi Kasimir,https://github.com/stazh/sw-ehedaten/tree/main/data#FirstNameMan_Sinesi_Kasimir
Georg Andreas,https://github.com/stazh/sw-ehedaten/tree/main/data#FirstNameMan_Georg_Andreas
Karl Christian,https://github.com/stazh/sw-ehedaten/tree/main/data#FirstNameMan_Karl_Christian
Johann Daniel,https://github.com/stazh/sw-ehedaten/tree/main/data#FirstNameMan_Johann_Daniel
Michael Abraham,https://github.com/stazh/sw-ehedaten/tree/main/data#FirstNameMan_Michael_Abraham
Aaron,https://github.com/stazh/sw-ehedaten/tree/main/data#FirstNameMan_Aaron
Abraham Heinrich,https://github.com/stazh/sw-ehedaten/tree/main/data#FirstNameMan_Abraham_Heinrich
Daniel Christoph,https://github.com/stazh/sw-ehedaten/tree/main/data#FirstNameMan_Daniel_Christoph
Christian Wilhelm Peter,https://github.com/stazh/sw-ehedaten/tree/main/data#FirstNameMan_Christian_Wilhelm_Peter
Marcus,https://github.com/stazh/sw-ehedaten/tree/main/data#FirstNameMan_Marcus
Bürgi,https://github.com/stazh/sw-ehedaten/tree/main/data#FirstNameMan_Buergi
Hans Wendel,https://github.com/stazh/sw-ehedaten/tree/main/data#FirstNameMan_Hans_Wendel
Hans Gallus,https://github.com/stazh/sw-ehedaten/tree/main/data#FirstNameMan_Hans_Gallus
Polonius,https://github.com/stazh/sw-ehedaten/tree/main/data#FirstNameMan_Polonius
Hansenbübli,https://github.com/stazh/sw-ehedaten/tree/main/data#FirstNameMan_Hansenbuebli
Alexius,https://github.com/stazh/sw-ehedaten/tree/main/data#FirstNameMan_Alexius
August,https://github.com/stazh/sw-ehedaten/tree/main/data#FirstNameMan_August
Lampert,https://github.com/stazh/sw-ehedaten/tree/main/data#FirstNameMan_Lampert
Hansmann,https://github.com/stazh/sw-ehedaten/tree/main/data#FirstNameMan_Hansmann
Egloff,https://github.com/stazh/sw-ehedaten/tree/main/data#FirstNameMan_Egloff
Gratius,https://github.com/stazh/sw-ehedaten/tree/main/data#FirstNameMan_Gratius
Langulrich,https://github.com/stazh/sw-ehedaten/tree/main/data#FirstNameMan_Langulrich
Beat Melchior,https://github.com/stazh/sw-ehedaten/tree/main/data#FirstNameMan_Beat_Melchior
Melchior Jakob,https://github.com/stazh/sw-ehedaten/tree/main/data#FirstNameMan_Melchior_Jakob
Johann Sebastian,https://github.com/stazh/sw-ehedaten/tree/main/data#FirstNameMan_Johann_Sebastian
Charius,https://github.com/stazh/sw-ehedaten/tree/main/data#FirstNameMan_Charius
Ambrosi,https://github.com/stazh/sw-ehedaten/tree/main/data#FirstNameMan_Ambrosi
Chrisostomus,https://github.com/stazh/sw-ehedaten/tree/main/data#FirstNameMan_Chrisostomus
Kleinsebastian,https://github.com/stazh/sw-ehedaten/tree/main/data#FirstNameMan_Kleinsebastian
Servatius,https://github.com/stazh/sw-ehedaten/tree/main/data#FirstNameMan_Servatius
Karlihans,https://github.com/stazh/sw-ehedaten/tree/main/data#FirstNameMan_Karlihans
Hans Wernli,https://github.com/stazh/sw-ehedaten/tree/main/data#FirstNameMan_Hans_Wernli
Guidius,https://github.com/stazh/sw-ehedaten/tree/main/data#FirstNameMan_Guidius
Thürmus,https://github.com/stazh/sw-ehedaten/tree/main/data#FirstNameMan_Thuermus
Rennhard,https://github.com/stazh/sw-ehedaten/tree/main/data#FirstNameMan_Rennhard
Lelius,https://github.com/stazh/sw-ehedaten/tree/main/data#FirstNameMan_Lelius
Joss,https://github.com/stazh/sw-ehedaten/tree/main/data#FirstNameMan_Joss
Engelhard,https://github.com/stazh/sw-ehedaten/tree/main/data#FirstNameMan_Engelhard
Sigmund Albrecht,https://github.com/stazh/sw-ehedaten/tree/main/data#FirstNameMan_Sigmund_Albrecht
Felix Friedrich,https://github.com/stazh/sw-ehedaten/tree/main/data#FirstNameMan_Felix_Friedrich
Cyrianus,https://github.com/stazh/sw-ehedaten/tree/main/data#FirstNameMan_Cyrianus
Johann Franz,https://github.com/stazh/sw-ehedaten/tree/main/data#FirstNameMan_Johann_Franz
Jean Joseph Augustin,https://github.com/stazh/sw-ehedaten/tree/main/data#FirstNameMan_Jean_Joseph_Augustin
Langbaschli,https://github.com/stazh/sw-ehedaten/tree/main/data#FirstNameMan_Langbaschli
Hans David,https://github.com/stazh/sw-ehedaten/tree/main/data#FirstNameMan_Hans_David
Kaspar Wilhelm,https://github.com/stazh/sw-ehedaten/tree/main/data#FirstNameMan_Kaspar_Wilhelm
Paul Philipp,https://github.com/stazh/sw-ehedaten/tree/main/data#FirstNameMan_Paul_Philipp
Georg Ulrich,https://github.com/stazh/sw-ehedaten/tree/main/data#FirstNameMan_Georg_Ulrich
Georg David,https://github.com/stazh/sw-ehedaten/tree/main/data#FirstNameMan_Georg_David
Samuel Jakob,https://github.com/stazh/sw-ehedaten/tree/main/data#FirstNameMan_Samuel_Jakob
Adolf Karl,https://github.com/stazh/sw-ehedaten/tree/main/data#FirstNameMan_Adolf_Karl
Peter Franz,https://github.com/stazh/sw-ehedaten/tree/main/data#FirstNameMan_Peter_Franz
Christoph Ulrich,https://github.com/stazh/sw-ehedaten/tree/main/data#FirstNameMan_Christoph_Ulrich
Niklaus Rudolf,https://github.com/stazh/sw-ehedaten/tree/main/data#FirstNameMan_Niklaus_Rudolf
Wolfgang Dietrich,https://github.com/stazh/sw-ehedaten/tree/main/data#FirstNameMan_Wolfgang_Dietrich
Friedrich Karl,https://github.com/stazh/sw-ehedaten/tree/main/data#FirstNameMan_Friedrich_Karl
Moritz Niklaus,https://github.com/stazh/sw-ehedaten/tree/main/data#FirstNameMan_Moritz_Niklaus
Heinrich Moritz,https://github.com/stazh/sw-ehedaten/tree/main/data#FirstNameMan_Heinrich_Moritz
Melchior Leonhard,https://github.com/stazh/sw-ehedaten/tree/main/data#FirstNameMan_Melchior_Leonhard
Ernst,https://github.com/stazh/sw-ehedaten/tree/main/data#FirstNameMan_Ernst
Johann Karl Moritz,https://github.com/stazh/sw-ehedaten/tree/main/data#FirstNameMan_Johann_Karl_Moritz
Wolfgang Bartholomäus,https://github.com/stazh/sw-ehedaten/tree/main/data#FirstNameMan_Wolfgang_Bartholomaeus
Hermann Heinrich,https://github.com/stazh/sw-ehedaten/tree/main/data#FirstNameMan_Hermann_Heinrich
Johann Gottfried,https://github.com/stazh/sw-ehedaten/tree/main/data#FirstNameMan_Johann_Gottfried
Karl Gottfried,https://github.com/stazh/sw-ehedaten/tree/main/data#FirstNameMan_Karl_Gottfried
Andreas Bernhard,https://github.com/stazh/sw-ehedaten/tree/main/data#FirstNameMan_Andreas_Bernhard
Claude,https://github.com/stazh/sw-ehedaten/tree/main/data#FirstNameMan_Claude
Brandolf,https://github.com/stazh/sw-ehedaten/tree/main/data#FirstNameMan_Brandolf
Hans Rüeger,https://github.com/stazh/sw-ehedaten/tree/main/data#FirstNameMan_Hans_Rueeger
Marx Wolf,https://github.com/stazh/sw-ehedaten/tree/main/data#FirstNameMan_Marx_Wolf
Zacharias Wilhelm,https://github.com/stazh/sw-ehedaten/tree/main/data#FirstNameMan_Zacharias_Wilhelm
Franz Michael,https://github.com/stazh/sw-ehedaten/tree/main/data#FirstNameMan_Franz_Michael
Konradin,https://github.com/stazh/sw-ehedaten/tree/main/data#FirstNameMan_Konradin
Johann Niklaus,https://github.com/stazh/sw-ehedaten/tree/main/data#FirstNameMan_Johann_Niklaus
Johann Anton Ludwig,https://github.com/stazh/sw-ehedaten/tree/main/data#FirstNameMan_Johann_Anton_Ludwig
Julien,https://github.com/stazh/sw-ehedaten/tree/main/data#FirstNameMan_Julien
Elias Lot,https://github.com/stazh/sw-ehedaten/tree/main/data#FirstNameMan_Elias_Lot
Kleintoni,https://github.com/stazh/sw-ehedaten/tree/main/data#FirstNameMan_Kleintoni
Antonï,https://github.com/stazh/sw-ehedaten/tree/main/data#FirstNameMan_Antonï
Odermann,https://github.com/stazh/sw-ehedaten/tree/main/data#FirstNameMan_Odermann
Johann Jakob Christoph,https://github.com/stazh/sw-ehedaten/tree/main/data#FirstNameMan_Johann_Jakob_Christoph
Johann Burkhard,https://github.com/stazh/sw-ehedaten/tree/main/data#FirstNameMan_Johann_Burkhard
Johann Benedikt,https://github.com/stazh/sw-ehedaten/tree/main/data#FirstNameMan_Johann_Benedikt
Kleinmarx,https://github.com/stazh/sw-ehedaten/tree/main/data#FirstNameMan_Kleinmarx
Hans Hilarius,https://github.com/stazh/sw-ehedaten/tree/main/data#FirstNameMan_Hans_Hilarius
Polli,https://github.com/stazh/sw-ehedaten/tree/main/data#FirstNameMan_Polli
Gratias,https://github.com/stazh/sw-ehedaten/tree/main/data#FirstNameMan_Gratias
Onophrius,https://github.com/stazh/sw-ehedaten/tree/main/data#FirstNameMan_Onophrius
Nägger,https://github.com/stazh/sw-ehedaten/tree/main/data#FirstNameMan_Naegger
Nögger,https://github.com/stazh/sw-ehedaten/tree/main/data#FirstNameMan_Noegger
Johann Othmar,https://github.com/stazh/sw-ehedaten/tree/main/data#FirstNameMan_Johann_Othmar
Basilius,https://github.com/stazh/sw-ehedaten/tree/main/data#FirstNameMan_Basilius
Kunz,https://github.com/stazh/sw-ehedaten/tree/main/data#FirstNameMan_Kunz
Lenzius,https://github.com/stazh/sw-ehedaten/tree/main/data#FirstNameMan_Lenzius
Cleophas,https://github.com/stazh/sw-ehedaten/tree/main/data#FirstNameMan_Cleophas
Hans Itel,https://github.com/stazh/sw-ehedaten/tree/main/data#FirstNameMan_Hans_Itel
Gutheinrich,https://github.com/stazh/sw-ehedaten/tree/main/data#FirstNameMan_Gutheinrich
Debis,https://github.com/stazh/sw-ehedaten/tree/main/data#FirstNameMan_Debis
Vindali,https://github.com/stazh/sw-ehedaten/tree/main/data#FirstNameMan_Vindali
Sebald,https://github.com/stazh/sw-ehedaten/tree/main/data#FirstNameMan_Sebald
Achilles,https://github.com/stazh/sw-ehedaten/tree/main/data#FirstNameMan_Achilles
Nazarias,https://github.com/stazh/sw-ehedaten/tree/main/data#FirstNameMan_Nazarias
Ulrich Philipp,https://github.com/stazh/sw-ehedaten/tree/main/data#FirstNameMan_Ulrich_Philipp
Venturin,https://github.com/stazh/sw-ehedaten/tree/main/data#FirstNameMan_Venturin
Dominicus,https://github.com/stazh/sw-ehedaten/tree/main/data#FirstNameMan_Dominicus
Veit,https://github.com/stazh/sw-ehedaten/tree/main/data#FirstNameMan_Veit
Johann Ernst,https://github.com/stazh/sw-ehedaten/tree/main/data#FirstNameMan_Johann_Ernst
Johann Friedrich Ludwig,https://github.com/stazh/sw-ehedaten/tree/main/data#FirstNameMan_Johann_Friedrich_Ludwig
Abraham Ludwig,https://github.com/stazh/sw-ehedaten/tree/main/data#FirstNameMan_Abraham_Ludwig
Johann Rudolf Baptista,https://github.com/stazh/sw-ehedaten/tree/main/data#FirstNameMan_Johann_Rudolf_Baptista
Christian Johannes,https://github.com/stazh/sw-ehedaten/tree/main/data#FirstNameMan_Christian_Johannes
Christian Johann,https://github.com/stazh/sw-ehedaten/tree/main/data#FirstNameMan_Christian_Johann
Isaak Gabriel,https://github.com/stazh/sw-ehedaten/tree/main/data#FirstNameMan_Isaak_Gabriel
Christoph Gottlieb,https://github.com/stazh/sw-ehedaten/tree/main/data#FirstNameMan_Christoph_Gottlieb
Magnus,https://github.com/stazh/sw-ehedaten/tree/main/data#FirstNameMan_Magnus
Nicolas,https://github.com/stazh/sw-ehedaten/tree/main/data#FirstNameMan_Nicolas
Johann Isaak Gabriel,https://github.com/stazh/sw-ehedaten/tree/main/data#FirstNameMan_Johann_Isaak_Gabriel
Philipp Jakob,https://github.com/stazh/sw-ehedaten/tree/main/data#FirstNameMan_Philipp_Jakob
Christoph Bathmann,https://github.com/stazh/sw-ehedaten/tree/main/data#FirstNameMan_Christoph_Bathmann
Georg Peter,https://github.com/stazh/sw-ehedaten/tree/main/data#FirstNameMan_Georg_Peter
Georg Otto,https://github.com/stazh/sw-ehedaten/tree/main/data#FirstNameMan_Georg_Otto
Raget,https://github.com/stazh/sw-ehedaten/tree/main/data#FirstNameMan_Raget
Leonz,https://github.com/stazh/sw-ehedaten/tree/main/data#FirstNameMan_Leonz
Heinrich Kaspar,https://github.com/stazh/sw-ehedaten/tree/main/data#FirstNameMan_Heinrich_Kaspar
Charles François,https://github.com/stazh/sw-ehedaten/tree/main/data#FirstNameMan_Charles_François
Guillaume Salomon,https://github.com/stazh/sw-ehedaten/tree/main/data#FirstNameMan_Guillaume_Salomon
Hugues,https://github.com/stazh/sw-ehedaten/tree/main/data#FirstNameMan_Hugues
Johann Stefan,https://github.com/stazh/sw-ehedaten/tree/main/data#FirstNameMan_Johann_Stefan
Häni,https://github.com/stazh/sw-ehedaten/tree/main/data#FirstNameMan_Haeni
Franz Kaspar,https://github.com/stazh/sw-ehedaten/tree/main/data#FirstNameMan_Franz_Kaspar
Uriel,https://github.com/stazh/sw-ehedaten/tree/main/data#FirstNameMan_Uriel
Diokletian,https://github.com/stazh/sw-ehedaten/tree/main/data#FirstNameMan_Diokletian
Laurentius,https://github.com/stazh/sw-ehedaten/tree/main/data#FirstNameMan_Laurentius
Stettli,https://github.com/stazh/sw-ehedaten/tree/main/data#FirstNameMan_Stettli
Heinz,https://github.com/stazh/sw-ehedaten/tree/main/data#FirstNameMan_Heinz
Kleinpeter,https://github.com/stazh/sw-ehedaten/tree/main/data#FirstNameMan_Kleinpeter
Bertschi,https://github.com/stazh/sw-ehedaten/tree/main/data#FirstNameMan_Bertschi
Nathan,https://github.com/stazh/sw-ehedaten/tree/main/data#FirstNameMan_Nathan
Valerius,https://github.com/stazh/sw-ehedaten/tree/main/data#FirstNameMan_Valerius
Jakob Hartmann,https://github.com/stazh/sw-ehedaten/tree/main/data#FirstNameMan_Jakob_Hartmann
Martinian,https://github.com/stazh/sw-ehedaten/tree/main/data#FirstNameMan_Martinian
Johann Gratiosus,https://github.com/stazh/sw-ehedaten/tree/main/data#FirstNameMan_Johann_Gratiosus
Adam Christoph,https://github.com/stazh/sw-ehedaten/tree/main/data#FirstNameMan_Adam_Christoph
Christian Gottlieb,https://github.com/stazh/sw-ehedaten/tree/main/data#FirstNameMan_Christian_Gottlieb
Antoni Günther,https://github.com/stazh/sw-ehedaten/tree/main/data#FirstNameMan_Antoni_Guenther
Johann Fortunat,https://github.com/stazh/sw-ehedaten/tree/main/data#FirstNameMan_Johann_Fortunat
Adolf Christoph,https://github.com/stazh/sw-ehedaten/tree/main/data#FirstNameMan_Adolf_Christoph
Moritz Heinrich,https://github.com/stazh/sw-ehedaten/tree/main/data#FirstNameMan_Moritz_Heinrich
Christoph Karl,https://github.com/stazh/sw-ehedaten/tree/main/data#FirstNameMan_Christoph_Karl
Friedrich Gottlob,https://github.com/stazh/sw-ehedaten/tree/main/data#FirstNameMan_Friedrich_Gottlob
Christoph Isaak,https://github.com/stazh/sw-ehedaten/tree/main/data#FirstNameMan_Christoph_Isaak
Emanuel Franz Samuel,https://github.com/stazh/sw-ehedaten/tree/main/data#FirstNameMan_Emanuel_Franz_Samuel
Franz Bartholomäus,https://github.com/stazh/sw-ehedaten/tree/main/data#FirstNameMan_Franz_Bartholomaeus
Francesco,https://github.com/stazh/sw-ehedaten/tree/main/data#FirstNameMan_Francesco
Johann Erhard,https://github.com/stazh/sw-ehedaten/tree/main/data#FirstNameMan_Johann_Erhard
Ludwig Gottlieb,https://github.com/stazh/sw-ehedaten/tree/main/data#FirstNameMan_Ludwig_Gottlieb
Lot,https://github.com/stazh/sw-ehedaten/tree/main/data#FirstNameMan_Lot
Hans Christian,https://github.com/stazh/sw-ehedaten/tree/main/data#FirstNameMan_Hans_Christian
Stoffel,https://github.com/stazh/sw-ehedaten/tree/main/data#FirstNameMan_Stoffel
Loy,https://github.com/stazh/sw-ehedaten/tree/main/data#FirstNameMan_Loy
Medard,https://github.com/stazh/sw-ehedaten/tree/main/data#FirstNameMan_Medard
Hansemann,https://github.com/stazh/sw-ehedaten/tree/main/data#FirstNameMan_Hansemann
Kurzhans,https://github.com/stazh/sw-ehedaten/tree/main/data#FirstNameMan_Kurzhans
Ludwig Beat,https://github.com/stazh/sw-ehedaten/tree/main/data#FirstNameMan_Ludwig_Beat
Rothans,https://github.com/stazh/sw-ehedaten/tree/main/data#FirstNameMan_Rothans
Wernhard,https://github.com/stazh/sw-ehedaten/tree/main/data#FirstNameMan_Wernhard
Deinhard,https://github.com/stazh/sw-ehedaten/tree/main/data#FirstNameMan_Deinhard
Theodorus,https://github.com/stazh/sw-ehedaten/tree/main/data#FirstNameMan_Theodorus
Johann Sigmund,https://github.com/stazh/sw-ehedaten/tree/main/data#FirstNameMan_Johann_Sigmund
Georg Bartholomäus,https://github.com/stazh/sw-ehedaten/tree/main/data#FirstNameMan_Georg_Bartholomaeus
Johann Beat,https://github.com/stazh/sw-ehedaten/tree/main/data#FirstNameMan_Johann_Beat
Esaias,https://github.com/stazh/sw-ehedaten/tree/main/data#FirstNameMan_Esaias
Johann Georg Ludwig,https://github.com/stazh/sw-ehedaten/tree/main/data#FirstNameMan_Johann_Georg_Ludwig
Jean Rodolphe,https://github.com/stazh/sw-ehedaten/tree/main/data#FirstNameMan_Jean_Rodolphe
Heinrich Ludwig,https://github.com/stazh/sw-ehedaten/tree/main/data#FirstNameMan_Heinrich_Ludwig
Peter Andreas,https://github.com/stazh/sw-ehedaten/tree/main/data#FirstNameMan_Peter_Andreas
Gottlieb Friedrich,https://github.com/stazh/sw-ehedaten/tree/main/data#FirstNameMan_Gottlieb_Friedrich
Beat Herkules,https://github.com/stazh/sw-ehedaten/tree/main/data#FirstNameMan_Beat_Herkules
jakob,https://github.com/stazh/sw-ehedaten/tree/main/data#FirstNameMan_jakob
Jean Louis,https://github.com/stazh/sw-ehedaten/tree/main/data#FirstNameMan_Jean_Louis
Franz Xaver,https://github.com/stazh/sw-ehedaten/tree/main/data#FirstNameMan_Franz_Xaver
Hans Reinhard,https://github.com/stazh/sw-ehedaten/tree/main/data#FirstNameMan_Hans_Reinhard
Kaspar Heinrich,https://github.com/stazh/sw-ehedaten/tree/main/data#FirstNameMan_Kaspar_Heinrich
Georg Wilhelm,https://github.com/stazh/sw-ehedaten/tree/main/data#FirstNameMan_Georg_Wilhelm
Daniel Friedrich,https://github.com/stazh/sw-ehedaten/tree/main/data#FirstNameMan_Daniel_Friedrich
Johann Karl,https://github.com/stazh/sw-ehedaten/tree/main/data#FirstNameMan_Johann_Karl
Zebedäus,https://github.com/stazh/sw-ehedaten/tree/main/data#FirstNameMan_Zebedaeus
Weerli,https://github.com/stazh/sw-ehedaten/tree/main/data#FirstNameMan_Weerli
Hans Matthäus,https://github.com/stazh/sw-ehedaten/tree/main/data#FirstNameMan_Hans_Matthaeus
Ismael,https://github.com/stazh/sw-ehedaten/tree/main/data#FirstNameMan_Ismael
Maria,https://github.com/stazh/sw-ehedaten/tree/main/data#FirstNameMan_Maria
Kosman,https://github.com/stazh/sw-ehedaten/tree/main/data#FirstNameMan_Kosman
Gangwolf,https://github.com/stazh/sw-ehedaten/tree/main/data#FirstNameMan_Gangwolf
Heinrich.,https://github.com/stazh/sw-ehedaten/tree/main/data#FirstNameMan_Heinrich
Ennius,https://github.com/stazh/sw-ehedaten/tree/main/data#FirstNameMan_Ennius
Hans Oswald,https://github.com/stazh/sw-ehedaten/tree/main/data#FirstNameMan_Hans_Oswald
Johannes Baptista,https://github.com/stazh/sw-ehedaten/tree/main/data#FirstNameMan_Johannes_Baptista
Hans Urban,https://github.com/stazh/sw-ehedaten/tree/main/data#FirstNameMan_Hans_Urban
Georg Sigmund,https://github.com/stazh/sw-ehedaten/tree/main/data#FirstNameMan_Georg_Sigmund
Wenzel,https://github.com/stazh/sw-ehedaten/tree/main/data#FirstNameMan_Wenzel
Baptist Christian,https://github.com/stazh/sw-ehedaten/tree/main/data#FirstNameMan_Baptist_Christian
Makarius,https://github.com/stazh/sw-ehedaten/tree/main/data#FirstNameMan_Makarius
Friedrich Gottlieb,https://github.com/stazh/sw-ehedaten/tree/main/data#FirstNameMan_Friedrich_Gottlieb
Ludwig Xavier,https://github.com/stazh/sw-ehedaten/tree/main/data#FirstNameMan_Ludwig_Xavier
Johann Karl Friedrich,https://github.com/stazh/sw-ehedaten/tree/main/data#FirstNameMan_Johann_Karl_Friedrich
Franz Anton,https://github.com/stazh/sw-ehedaten/tree/main/data#FirstNameMan_Franz_Anton
Johann Matthias,https://github.com/stazh/sw-ehedaten/tree/main/data#FirstNameMan_Johann_Matthias
Karl Johannes,https://github.com/stazh/sw-ehedaten/tree/main/data#FirstNameMan_Karl_Johannes
Johann Ulrich Philipp,https://github.com/stazh/sw-ehedaten/tree/main/data#FirstNameMan_Johann_Ulrich_Philipp
Langhans,https://github.com/stazh/sw-ehedaten/tree/main/data#FirstNameMan_Langhans
Schwarz,https://github.com/stazh/sw-ehedaten/tree/main/data#FirstNameMan_Schwarz
Harius,https://github.com/stazh/sw-ehedaten/tree/main/data#FirstNameMan_Harius
Jungulrich,https://github.com/stazh/sw-ehedaten/tree/main/data#FirstNameMan_Jungulrich
Severin,https://github.com/stazh/sw-ehedaten/tree/main/data#FirstNameMan_Severin
Cosmus,https://github.com/stazh/sw-ehedaten/tree/main/data#FirstNameMan_Cosmus
Hans Adi,https://github.com/stazh/sw-ehedaten/tree/main/data#FirstNameMan_Hans_Adi
Beat Jakob,https://github.com/stazh/sw-ehedaten/tree/main/data#FirstNameMan_Beat_Jakob
Florinus,https://github.com/stazh/sw-ehedaten/tree/main/data#FirstNameMan_Florinus
Evangelista,https://github.com/stazh/sw-ehedaten/tree/main/data#FirstNameMan_Evangelista
Setbastian,https://github.com/stazh/sw-ehedaten/tree/main/data#FirstNameMan_Setbastian
Franciscus,https://github.com/stazh/sw-ehedaten/tree/main/data#FirstNameMan_Franciscus
Hans Heinrich Karl,https://github.com/stazh/sw-ehedaten/tree/main/data#FirstNameMan_Hans_Heinrich_Karl
Henri,https://github.com/stazh/sw-ehedaten/tree/main/data#FirstNameMan_Henri
Johann Gerhard,https://github.com/stazh/sw-ehedaten/tree/main/data#FirstNameMan_Johann_Gerhard
Alois,https://github.com/stazh/sw-ehedaten/tree/main/data#FirstNameMan_Alois
Rudolf Heinrich,https://github.com/stazh/sw-ehedaten/tree/main/data#FirstNameMan_Rudolf_Heinrich
Johann Gabriel,https://github.com/stazh/sw-ehedaten/tree/main/data#FirstNameMan_Johann_Gabriel
David Philipp,https://github.com/stazh/sw-ehedaten/tree/main/data#FirstNameMan_David_Philipp
Jörg Michael,https://github.com/stazh/sw-ehedaten/tree/main/data#FirstNameMan_Joerg_Michael
Ludwig Franz,https://github.com/stazh/sw-ehedaten/tree/main/data#FirstNameMan_Ludwig_Franz
Johann Ernst Heinrich,https://github.com/stazh/sw-ehedaten/tree/main/data#FirstNameMan_Johann_Ernst_Heinrich
Elias Hartmann,https://github.com/stazh/sw-ehedaten/tree/main/data#FirstNameMan_Elias_Hartmann
Salomon Ludwig,https://github.com/stazh/sw-ehedaten/tree/main/data#FirstNameMan_Salomon_Ludwig
Ludwig Samuel,https://github.com/stazh/sw-ehedaten/tree/main/data#FirstNameMan_Ludwig_Samuel
Johann Anton Christian,https://github.com/stazh/sw-ehedaten/tree/main/data#FirstNameMan_Johann_Anton_Christian
Laurent,https://github.com/stazh/sw-ehedaten/tree/main/data#FirstNameMan_Laurent
Antoine,https://github.com/stazh/sw-ehedaten/tree/main/data#FirstNameMan_Antoine
André,https://github.com/stazh/sw-ehedaten/tree/main/data#FirstNameMan_Andre
Christian Nikolaus,https://github.com/stazh/sw-ehedaten/tree/main/data#FirstNameMan_Christian_Nikolaus
Hermann Ulrich,https://github.com/stazh/sw-ehedaten/tree/main/data#FirstNameMan_Hermann_Ulrich
Vitus,https://github.com/stazh/sw-ehedaten/tree/main/data#FirstNameMan_Vitus
Sixtus,https://github.com/stazh/sw-ehedaten/tree/main/data#FirstNameMan_Sixtus
Rutz,https://github.com/stazh/sw-ehedaten/tree/main/data#FirstNameMan_Rutz
Levin,https://github.com/stazh/sw-ehedaten/tree/main/data#FirstNameMan_Levin
Germann,https://github.com/stazh/sw-ehedaten/tree/main/data#FirstNameMan_Germann
Cyprian,https://github.com/stazh/sw-ehedaten/tree/main/data#FirstNameMan_Cyprian
François Xavier,https://github.com/stazh/sw-ehedaten/tree/main/data#FirstNameMan_François_Xavier
Jakob Daniel,https://github.com/stazh/sw-ehedaten/tree/main/data#FirstNameMan_Jakob_Daniel
Georg Benedikt,https://github.com/stazh/sw-ehedaten/tree/main/data#FirstNameMan_Georg_Benedikt
Jakob David,https://github.com/stazh/sw-ehedaten/tree/main/data#FirstNameMan_Jakob_David
Karl Ludwig Heinrich,https://github.com/stazh/sw-ehedaten/tree/main/data#FirstNameMan_Karl_Ludwig_Heinrich
Samuel Gottlob,https://github.com/stazh/sw-ehedaten/tree/main/data#FirstNameMan_Samuel_Gottlob
HeinricH,https://github.com/stazh/sw-ehedaten/tree/main/data#FirstNameMan_HeinricH
David Ludwig,https://github.com/stazh/sw-ehedaten/tree/main/data#FirstNameMan_David_Ludwig
Karl Heinrich August,https://github.com/stazh/sw-ehedaten/tree/main/data#FirstNameMan_Karl_Heinrich_August
